2024-07-11 13:46:46.458412,Drowsiness detected
2024-07-11 13:46:52.661117,Drowsiness detected
2024-07-11 13:46:55.858451,Drowsiness detected
2024-07-11 13:46:59.184696,Drowsiness detected
2024-07-11 13:47:02.496635,Drowsiness detected
2024-07-11 13:47:05.831823,Drowsiness detected
2024-07-11 13:47:09.231093,Drowsiness detected
2024-07-11 13:47:17.916977,Drowsiness detected
2024-07-11 13:47:24.430876,Drowsiness detected
2024-07-11 13:47:28.196993,Drowsiness detected
2024-07-11 13:47:43.701079,Drowsiness detected
2024-07-11 13:48:03.792717,Drowsiness detected
2024-07-11 13:48:10.119811,Drowsiness detected
2024-07-11 13:48:22.396866,Drowsiness detected
2024-07-11 13:48:25.458360,Drowsiness detected
2024-07-11 13:48:29.374483,Drowsiness detected
2024-07-11 13:48:32.887434,Drowsiness detected
2024-07-11 13:48:37.710268,Drowsiness detected
2024-07-11 13:48:41.986986,Drowsiness detected
2024-07-11 13:49:45.525406,Drowsiness detected
2024-07-11 13:51:19.450043,Drowsiness detected
2024-07-11 13:51:20.788102,Drowsiness detected
2024-07-11 13:51:20.822415,Drowsiness detected
2024-07-11 13:51:20.856247,Drowsiness detected
2024-07-11 13:51:20.896115,Drowsiness detected
2024-07-11 13:51:20.933640,Drowsiness detected
2024-07-11 13:51:20.975495,Drowsiness detected
2024-07-11 13:51:21.030918,Drowsiness detected
2024-07-11 13:51:21.071216,Drowsiness detected
2024-07-11 13:51:21.097776,Drowsiness detected
2024-07-11 13:51:21.201893,Drowsiness detected
2024-07-11 13:51:21.225960,Drowsiness detected
2024-07-11 13:51:21.252124,Drowsiness detected
2024-07-11 13:51:21.278300,Drowsiness detected
2024-07-11 13:51:21.306932,Drowsiness detected
2024-07-11 13:51:21.349758,Drowsiness detected
2024-07-11 13:51:24.847220,Drowsiness detected
2024-07-11 13:51:24.887974,Drowsiness detected
2024-07-11 13:51:44.242608,Drowsiness detected
2024-07-11 13:51:44.276184,Drowsiness detected
2024-07-11 13:51:44.309089,Drowsiness detected
2024-07-11 13:51:44.342049,Drowsiness detected
2024-07-11 13:51:44.375880,Drowsiness detected
2024-07-11 13:51:44.416033,Drowsiness detected
2024-07-11 13:51:44.443983,Drowsiness detected
2024-07-11 13:51:44.473073,Drowsiness detected
2024-07-11 13:51:44.502655,Drowsiness detected
2024-07-11 13:51:44.538188,Drowsiness detected
2024-07-11 13:51:44.576307,Drowsiness detected
2024-07-11 13:51:44.620479,Drowsiness detected
2024-07-11 13:51:44.662750,Drowsiness detected
2024-07-11 13:51:44.702300,Drowsiness detected
2024-07-11 13:51:44.745548,Drowsiness detected
2024-07-11 13:51:44.783189,Drowsiness detected
2024-07-11 13:51:44.817973,Drowsiness detected
2024-07-11 13:51:44.866708,Drowsiness detected
2024-07-11 13:51:44.912170,Drowsiness detected
2024-07-11 13:51:44.953541,Drowsiness detected
2024-07-11 13:51:45.006071,Drowsiness detected
2024-07-11 13:51:45.052796,Drowsiness detected
2024-07-11 13:51:45.099764,Drowsiness detected
2024-07-11 13:51:45.152040,Drowsiness detected
2024-07-11 13:51:45.196631,Drowsiness detected
2024-07-11 13:51:45.244844,Drowsiness detected
2024-07-11 13:51:45.296563,Drowsiness detected
2024-07-11 13:51:45.353109,Drowsiness detected
2024-07-11 13:51:45.395402,Drowsiness detected
2024-07-11 13:51:46.234434,Drowsiness detected
2024-07-11 13:51:46.278253,Drowsiness detected
2024-07-11 13:51:46.310555,Drowsiness detected
2024-07-11 13:51:46.347998,Drowsiness detected
2024-07-11 13:51:46.377886,Drowsiness detected
2024-07-11 13:51:46.413606,Drowsiness detected
2024-07-11 13:51:46.462144,Drowsiness detected
2024-07-11 13:51:46.506547,Drowsiness detected
2024-07-11 13:51:46.544286,Drowsiness detected
2024-07-11 13:51:46.591431,Drowsiness detected
2024-07-11 13:51:46.639754,Drowsiness detected
2024-07-11 13:51:46.688279,Drowsiness detected
2024-07-11 13:51:46.735139,Drowsiness detected
2024-07-11 13:51:46.783416,Drowsiness detected
2024-07-11 13:51:47.135291,Drowsiness detected
2024-07-11 13:51:47.166540,Drowsiness detected
2024-07-11 13:51:47.195567,Drowsiness detected
2024-07-11 13:51:47.230802,Drowsiness detected
2024-07-11 13:51:47.262814,Drowsiness detected
2024-07-11 13:51:48.570838,Drowsiness detected
2024-07-11 13:51:48.624057,Drowsiness detected
2024-07-11 13:51:49.209294,Drowsiness detected
2024-07-11 13:51:49.243915,Drowsiness detected
2024-07-11 13:51:49.275021,Drowsiness detected
2024-07-11 13:51:49.306601,Drowsiness detected
2024-07-11 13:51:49.333373,Drowsiness detected
2024-07-11 13:51:49.362057,Drowsiness detected
2024-07-11 13:51:49.393114,Drowsiness detected
2024-07-11 13:51:50.073991,Drowsiness detected
2024-07-11 13:51:50.106805,Drowsiness detected
2024-07-11 13:51:50.134092,Drowsiness detected
2024-07-11 13:51:50.570780,Drowsiness detected
2024-07-11 13:51:50.601161,Drowsiness detected
2024-07-11 13:51:50.631032,Drowsiness detected
2024-07-11 13:51:50.675877,Drowsiness detected
2024-07-11 13:51:51.714555,Drowsiness detected
2024-07-11 13:51:51.744559,Drowsiness detected
2024-07-11 13:51:51.784099,Drowsiness detected
2024-07-11 13:51:51.828880,Drowsiness detected
2024-07-11 13:51:51.869914,Drowsiness detected
2024-07-11 13:51:51.936710,Drowsiness detected
2024-07-11 13:51:51.975991,Drowsiness detected
2024-07-11 13:51:52.024161,Drowsiness detected
2024-07-11 13:51:52.067737,Drowsiness detected
2024-07-11 13:51:52.116204,Drowsiness detected
2024-07-11 13:51:52.159541,Drowsiness detected
2024-07-11 13:51:52.205756,Drowsiness detected
2024-07-11 13:51:52.253442,Drowsiness detected
2024-07-11 13:51:52.294909,Drowsiness detected
2024-07-11 13:51:52.338598,Drowsiness detected
2024-07-11 13:51:52.392472,Drowsiness detected
2024-07-11 13:51:52.440236,Drowsiness detected
2024-07-11 13:51:52.480565,Drowsiness detected
2024-07-11 13:51:52.520730,Drowsiness detected
2024-07-11 13:51:52.565996,Drowsiness detected
2024-07-11 13:51:52.617016,Drowsiness detected
2024-07-11 13:51:52.655688,Drowsiness detected
2024-07-11 13:51:52.691852,Drowsiness detected
2024-07-11 13:51:52.726975,Drowsiness detected
2024-07-11 13:51:52.757882,Drowsiness detected
2024-07-11 13:51:52.786087,Drowsiness detected
2024-07-11 13:51:52.816525,Drowsiness detected
2024-07-11 13:51:52.845532,Drowsiness detected
2024-07-11 13:51:52.875189,Drowsiness detected
2024-07-11 13:51:52.901214,Drowsiness detected
2024-07-11 13:51:52.926760,Drowsiness detected
2024-07-11 13:51:52.953741,Drowsiness detected
2024-07-11 13:51:52.981399,Drowsiness detected
2024-07-11 13:51:53.020017,Drowsiness detected
2024-07-11 13:51:53.055936,Drowsiness detected
2024-07-11 13:51:53.089410,Drowsiness detected
2024-07-11 13:51:53.122345,Drowsiness detected
2024-07-11 13:51:53.159885,Drowsiness detected
2024-07-11 13:51:53.200253,Drowsiness detected
2024-07-11 13:51:53.283599,Drowsiness detected
2024-07-11 13:51:53.337096,Drowsiness detected
2024-07-11 13:51:54.096715,Drowsiness detected
2024-07-11 13:51:54.129374,Drowsiness detected
2024-07-11 13:51:55.199075,Drowsiness detected
2024-07-11 13:51:55.240733,Drowsiness detected
2024-07-11 13:51:55.272620,Drowsiness detected
2024-07-11 13:51:55.311893,Drowsiness detected
2024-07-11 13:51:55.351607,Drowsiness detected
2024-07-11 13:51:55.393093,Drowsiness detected
2024-07-11 13:51:55.426512,Drowsiness detected
2024-07-11 13:51:55.463632,Drowsiness detected
2024-07-11 13:51:55.499548,Drowsiness detected
2024-07-11 13:51:55.530259,Drowsiness detected
2024-07-11 13:51:57.186858,Yawn detected
2024-07-11 13:51:57.221265,Yawn detected
2024-07-11 13:51:57.257911,Yawn detected
2024-07-11 13:51:57.293822,Yawn detected
2024-07-11 13:51:57.331645,Yawn detected
2024-07-11 13:51:57.373007,Yawn detected
2024-07-11 13:51:57.409458,Drowsiness detected
2024-07-11 13:51:57.411464,Yawn detected
2024-07-11 13:51:57.451610,Drowsiness detected
2024-07-11 13:51:57.453602,Yawn detected
2024-07-11 13:51:57.492428,Drowsiness detected
2024-07-11 13:51:57.495432,Yawn detected
2024-07-11 13:51:57.543840,Drowsiness detected
2024-07-11 13:51:57.545871,Yawn detected
2024-07-11 13:51:57.592530,Drowsiness detected
2024-07-11 13:51:57.594533,Yawn detected
2024-07-11 13:51:57.635061,Drowsiness detected
2024-07-11 13:51:57.636060,Yawn detected
2024-07-11 13:51:57.672928,Drowsiness detected
2024-07-11 13:51:57.674930,Yawn detected
2024-07-11 13:51:57.706508,Drowsiness detected
2024-07-11 13:51:57.708960,Yawn detected
2024-07-11 13:51:57.748636,Drowsiness detected
2024-07-11 13:51:57.750647,Yawn detected
2024-07-11 13:51:57.799233,Drowsiness detected
2024-07-11 13:51:57.801233,Yawn detected
2024-07-11 13:51:57.842454,Drowsiness detected
2024-07-11 13:51:57.844442,Yawn detected
2024-07-11 13:51:57.891765,Drowsiness detected
2024-07-11 13:51:57.894747,Yawn detected
2024-07-11 13:51:57.952041,Drowsiness detected
2024-07-11 13:51:57.953040,Yawn detected
2024-07-11 13:51:58.001308,Drowsiness detected
2024-07-11 13:51:58.003307,Yawn detected
2024-07-11 13:51:58.048951,Drowsiness detected
2024-07-11 13:51:58.050964,Yawn detected
2024-07-11 13:51:58.165030,Drowsiness detected
2024-07-11 13:51:58.170561,Yawn detected
2024-07-11 13:51:58.234851,Drowsiness detected
2024-07-11 13:51:58.236851,Yawn detected
2024-07-11 13:51:58.283692,Drowsiness detected
2024-07-11 13:51:58.285813,Yawn detected
2024-07-11 13:51:58.316619,Drowsiness detected
2024-07-11 13:51:58.318627,Yawn detected
2024-07-11 13:51:58.357860,Drowsiness detected
2024-07-11 13:51:58.359906,Yawn detected
2024-07-11 13:51:58.390064,Drowsiness detected
2024-07-11 13:51:58.393001,Yawn detected
2024-07-11 13:51:58.422596,Drowsiness detected
2024-07-11 13:51:58.424303,Yawn detected
2024-07-11 13:51:58.462812,Drowsiness detected
2024-07-11 13:51:58.466315,Yawn detected
2024-07-11 13:51:58.501514,Drowsiness detected
2024-07-11 13:51:58.503519,Yawn detected
2024-07-11 13:51:58.542910,Drowsiness detected
2024-07-11 13:51:58.546636,Yawn detected
2024-07-11 13:51:58.576532,Drowsiness detected
2024-07-11 13:51:58.579051,Yawn detected
2024-07-11 13:51:58.609246,Drowsiness detected
2024-07-11 13:51:58.611395,Yawn detected
2024-07-11 13:51:58.639276,Drowsiness detected
2024-07-11 13:51:58.640275,Yawn detected
2024-07-11 13:51:58.666269,Drowsiness detected
2024-07-11 13:51:58.668804,Yawn detected
2024-07-11 13:51:58.697805,Yawn detected
2024-07-11 13:51:58.863812,Yawn detected
2024-07-11 13:51:58.933785,Yawn detected
2024-07-11 13:51:58.966929,Yawn detected
2024-07-11 13:51:59.005313,Yawn detected
2024-07-11 13:51:59.051702,Yawn detected
2024-07-11 13:51:59.098054,Yawn detected
2024-07-11 13:51:59.145099,Yawn detected
2024-07-11 13:51:59.196242,Yawn detected
2024-07-11 13:51:59.243883,Yawn detected
2024-07-11 13:51:59.292815,Yawn detected
2024-07-11 13:51:59.339302,Yawn detected
2024-07-11 13:51:59.382433,Yawn detected
2024-07-11 13:51:59.429320,Yawn detected
2024-07-11 13:51:59.471620,Yawn detected
2024-07-11 13:51:59.520261,Yawn detected
2024-07-11 13:51:59.550573,Yawn detected
2024-07-11 13:51:59.578111,Yawn detected
2024-07-11 13:51:59.606088,Yawn detected
2024-07-11 13:51:59.639279,Yawn detected
2024-07-11 13:51:59.678041,Yawn detected
2024-07-11 13:51:59.799690,Yawn detected
2024-07-11 13:51:59.840337,Yawn detected
2024-07-11 13:51:59.928562,Yawn detected
2024-07-11 13:51:59.996069,Yawn detected
2024-07-11 13:52:00.046647,Yawn detected
2024-07-11 13:52:00.085138,Yawn detected
2024-07-11 13:52:00.143940,Yawn detected
2024-07-11 13:52:00.173999,Yawn detected
2024-07-11 13:52:00.221057,Yawn detected
2024-07-11 13:52:00.258068,Yawn detected
2024-07-11 13:52:00.295333,Yawn detected
2024-07-11 13:52:00.332060,Yawn detected
2024-07-11 13:52:00.360864,Yawn detected
2024-07-11 13:52:00.395807,Yawn detected
2024-07-11 13:52:00.431159,Yawn detected
2024-07-11 13:52:00.469590,Yawn detected
2024-07-11 13:52:00.503502,Yawn detected
2024-07-11 13:52:00.539525,Yawn detected
2024-07-11 13:52:00.579026,Yawn detected
2024-07-11 13:52:00.612692,Yawn detected
2024-07-11 13:52:00.649291,Yawn detected
2024-07-11 13:52:00.687956,Yawn detected
2024-07-11 13:52:00.735580,Yawn detected
2024-07-11 13:52:00.783778,Yawn detected
2024-07-11 13:52:00.830693,Yawn detected
2024-07-11 13:52:00.873983,Yawn detected
2024-07-11 13:52:00.912017,Yawn detected
2024-07-11 13:52:00.955438,Yawn detected
2024-07-11 13:52:00.987734,Yawn detected
2024-07-11 13:52:01.867951,Yawn detected
2024-07-11 13:52:01.903969,Yawn detected
2024-07-11 13:52:02.104136,Drowsiness detected
2024-07-11 13:52:02.151914,Drowsiness detected
2024-07-11 13:52:02.200243,Drowsiness detected
2024-07-11 13:52:02.250988,Drowsiness detected
2024-07-11 13:52:02.299061,Drowsiness detected
2024-07-11 13:52:02.346203,Drowsiness detected
2024-07-11 13:52:02.379814,Drowsiness detected
2024-07-11 13:52:02.415974,Drowsiness detected
2024-07-11 13:52:02.448172,Drowsiness detected
2024-07-11 13:52:02.482630,Drowsiness detected
2024-07-11 13:52:02.875257,Drowsiness detected
2024-07-11 13:52:02.909365,Drowsiness detected
2024-07-11 13:52:02.939471,Drowsiness detected
2024-07-11 13:52:02.974437,Drowsiness detected
2024-07-11 13:52:03.681410,Drowsiness detected
2024-07-11 13:52:03.726168,Drowsiness detected
2024-07-11 13:52:03.763050,Drowsiness detected
2024-07-11 13:52:03.812785,Drowsiness detected
2024-07-11 13:52:03.845861,Drowsiness detected
2024-07-11 13:52:03.891048,Drowsiness detected
2024-07-11 13:52:03.936572,Drowsiness detected
2024-07-11 13:52:03.974454,Drowsiness detected
2024-07-11 13:52:04.004610,Drowsiness detected
2024-07-11 13:52:04.042718,Drowsiness detected
2024-07-11 13:52:04.073106,Drowsiness detected
2024-07-11 13:52:04.107899,Drowsiness detected
2024-07-11 13:52:04.149341,Drowsiness detected
2024-07-11 13:52:04.200689,Drowsiness detected
2024-07-11 13:52:04.241943,Drowsiness detected
2024-07-11 13:52:04.291080,Drowsiness detected
2024-07-11 13:52:04.340010,Drowsiness detected
2024-07-11 13:52:04.392283,Drowsiness detected
2024-07-11 13:52:04.436616,Drowsiness detected
2024-07-11 13:52:04.484474,Drowsiness detected
2024-07-11 13:52:04.532846,Drowsiness detected
2024-07-11 13:52:04.568600,Drowsiness detected
2024-07-11 13:52:04.620413,Drowsiness detected
2024-07-11 13:52:04.705460,Drowsiness detected
2024-07-11 13:52:04.761508,Drowsiness detected
2024-07-11 13:52:04.814158,Drowsiness detected
2024-07-11 13:52:04.964356,Drowsiness detected
2024-07-11 13:52:05.104848,Drowsiness detected
2024-07-11 13:52:05.166914,Drowsiness detected
2024-07-11 13:52:05.209550,Drowsiness detected
2024-07-11 13:52:05.249425,Drowsiness detected
2024-07-11 13:52:05.832172,Drowsiness detected
2024-07-11 13:52:05.875841,Drowsiness detected
2024-07-11 13:52:05.922377,Drowsiness detected
2024-07-11 13:52:05.953211,Drowsiness detected
2024-07-11 13:52:05.989043,Drowsiness detected
2024-07-11 13:52:06.032440,Drowsiness detected
2024-07-11 13:52:06.072656,Drowsiness detected
2024-07-11 13:52:06.109622,Drowsiness detected
2024-07-11 13:52:06.557743,Drowsiness detected
2024-07-11 13:52:06.587829,Drowsiness detected
2024-07-11 13:52:06.616586,Drowsiness detected
2024-07-11 13:52:06.645301,Drowsiness detected
2024-07-11 13:52:06.684628,Drowsiness detected
2024-07-11 13:52:06.727732,Drowsiness detected
2024-07-11 13:52:06.770061,Drowsiness detected
2024-07-11 13:52:06.810987,Drowsiness detected
2024-07-11 13:52:06.841898,Drowsiness detected
2024-07-11 13:52:06.871099,Drowsiness detected
2024-07-11 13:52:06.909411,Drowsiness detected
2024-07-11 13:52:06.946445,Drowsiness detected
2024-07-11 13:52:06.984685,Drowsiness detected
2024-07-11 13:52:07.012241,Drowsiness detected
2024-07-11 13:52:07.047678,Drowsiness detected
2024-07-11 13:52:07.074993,Drowsiness detected
2024-07-11 13:52:07.105602,Drowsiness detected
2024-07-11 13:52:07.143206,Drowsiness detected
2024-07-11 13:52:07.183669,Drowsiness detected
2024-07-11 13:52:07.229233,Drowsiness detected
2024-07-11 13:52:07.269219,Drowsiness detected
2024-07-11 13:52:07.316435,Drowsiness detected
2024-07-11 13:52:07.367727,Drowsiness detected
2024-07-11 13:52:07.695884,Drowsiness detected
2024-07-11 13:52:07.736110,Drowsiness detected
2024-07-11 13:52:07.773889,Drowsiness detected
2024-07-11 13:52:07.818859,Drowsiness detected
2024-07-11 13:52:07.868062,Drowsiness detected
2024-07-11 13:52:07.912645,Drowsiness detected
2024-07-11 13:52:07.956650,Drowsiness detected
2024-07-11 13:52:08.002843,Drowsiness detected
2024-07-11 13:52:08.039434,Drowsiness detected
2024-07-11 13:52:08.081149,Drowsiness detected
2024-07-11 13:52:08.125574,Drowsiness detected
2024-07-11 13:52:08.169116,Drowsiness detected
2024-07-11 13:52:08.203051,Drowsiness detected
2024-07-11 13:52:08.245935,Drowsiness detected
2024-07-11 13:52:08.284480,Drowsiness detected
2024-07-11 13:52:08.324855,Drowsiness detected
2024-07-11 13:52:08.373469,Drowsiness detected
2024-07-11 13:52:08.425120,Drowsiness detected
2024-07-11 13:52:08.474253,Drowsiness detected
2024-07-11 13:52:08.521611,Drowsiness detected
2024-07-11 13:52:08.608808,Drowsiness detected
2024-07-11 13:52:08.664970,Drowsiness detected
2024-07-11 13:52:08.691348,Drowsiness detected
2024-07-11 13:52:08.767077,Drowsiness detected
2024-07-11 13:52:08.908946,Drowsiness detected
2024-07-11 13:52:08.967833,Drowsiness detected
2024-07-11 13:52:16.036240,Yawn detected
2024-07-11 13:52:16.067737,Yawn detected
2024-07-11 13:52:16.101253,Yawn detected
2024-07-11 13:52:16.140783,Yawn detected
2024-07-11 13:52:16.184350,Yawn detected
2024-07-11 13:52:16.230632,Yawn detected
2024-07-11 13:52:16.279973,Yawn detected
2024-07-11 13:52:16.327761,Yawn detected
2024-07-11 13:52:16.371786,Yawn detected
2024-07-11 13:52:16.419046,Yawn detected
2024-07-11 13:52:16.452452,Yawn detected
2024-07-11 13:52:16.495466,Yawn detected
2024-07-11 13:52:16.547693,Yawn detected
2024-07-11 13:52:17.168787,Drowsiness detected
2024-07-11 13:52:17.507848,Drowsiness detected
2024-07-11 13:52:17.547607,Drowsiness detected
2024-07-11 13:52:17.645890,Drowsiness detected
2024-07-11 13:52:17.698758,Drowsiness detected
2024-07-11 13:52:17.730754,Drowsiness detected
2024-07-11 13:52:17.842923,Drowsiness detected
2024-07-11 13:52:17.883376,Drowsiness detected
2024-07-11 13:52:17.914110,Drowsiness detected
2024-07-11 13:52:18.224891,Drowsiness detected
2024-07-11 13:52:18.259071,Drowsiness detected
2024-07-11 13:52:18.332720,Drowsiness detected
2024-07-11 13:52:18.385380,Drowsiness detected
2024-07-11 13:52:18.422025,Drowsiness detected
2024-07-11 13:52:18.591117,Drowsiness detected
2024-07-11 13:52:18.717700,Drowsiness detected
2024-07-11 13:52:19.065175,Yawn detected
2024-07-11 13:52:19.112753,Yawn detected
2024-07-11 13:52:19.172933,Yawn detected
2024-07-11 13:52:19.276525,Drowsiness detected
2024-07-11 13:52:19.335659,Drowsiness detected
2024-07-11 13:52:19.440981,Drowsiness detected
2024-07-11 13:52:19.500820,Drowsiness detected
2024-07-11 13:52:19.546101,Drowsiness detected
2024-07-11 13:52:19.583198,Drowsiness detected
2024-07-11 13:52:20.051274,Drowsiness detected
2024-07-11 13:52:20.102383,Drowsiness detected
2024-07-11 13:52:20.216371,Drowsiness detected
2024-07-11 13:52:20.389885,Drowsiness detected
2024-07-11 13:52:20.439990,Drowsiness detected
2024-07-11 13:52:20.474892,Drowsiness detected
2024-07-11 13:52:20.580278,Drowsiness detected
2024-07-11 13:52:20.616551,Drowsiness detected
2024-07-11 13:52:20.731309,Drowsiness detected
2024-07-11 13:52:20.788578,Drowsiness detected
2024-07-11 13:52:20.813935,Drowsiness detected
2024-07-11 13:52:20.847852,Drowsiness detected
2024-07-11 13:52:20.940902,Drowsiness detected
2024-07-11 13:52:20.997983,Drowsiness detected
2024-07-11 13:52:21.048357,Drowsiness detected
2024-07-11 13:52:21.088698,Drowsiness detected
2024-07-11 13:52:21.195152,Drowsiness detected
2024-07-11 13:52:21.260678,Drowsiness detected
2024-07-11 13:52:21.296113,Drowsiness detected
2024-07-11 13:52:21.392743,Drowsiness detected
2024-07-11 13:52:21.445400,Drowsiness detected
2024-07-11 13:52:21.476910,Drowsiness detected
2024-07-11 13:52:21.610398,Drowsiness detected
2024-07-11 13:52:21.664757,Drowsiness detected
2024-07-11 13:52:21.698706,Drowsiness detected
2024-07-11 13:52:21.795987,Drowsiness detected
2024-07-11 13:52:21.859563,Drowsiness detected
2024-07-11 13:52:21.956112,Drowsiness detected
2024-07-11 13:52:22.010389,Drowsiness detected
2024-07-11 13:52:22.039703,Drowsiness detected
2024-07-11 13:52:22.067566,Drowsiness detected
2024-07-11 13:52:22.095048,Drowsiness detected
2024-07-11 13:52:22.127987,Drowsiness detected
2024-07-11 13:52:22.172497,Drowsiness detected
2024-07-11 13:52:22.212699,Drowsiness detected
2024-07-11 13:52:22.314232,Drowsiness detected
2024-07-11 13:52:22.516584,Drowsiness detected
2024-07-11 13:52:22.579486,Drowsiness detected
2024-07-11 13:52:22.656591,Drowsiness detected
2024-07-11 13:52:22.708766,Drowsiness detected
2024-07-11 13:52:22.795882,Drowsiness detected
2024-07-11 13:52:22.843993,Drowsiness detected
2024-07-11 13:52:22.943708,Drowsiness detected
2024-07-11 13:52:23.004721,Drowsiness detected
2024-07-11 13:52:23.082970,Drowsiness detected
2024-07-11 13:52:23.142957,Drowsiness detected
2024-07-11 13:52:23.246054,Drowsiness detected
2024-07-11 13:52:23.305300,Drowsiness detected
2024-07-11 13:52:23.391817,Drowsiness detected
2024-07-11 13:52:23.441941,Drowsiness detected
2024-07-11 13:52:23.499097,Drowsiness detected
2024-07-11 13:52:23.547844,Drowsiness detected
2024-07-11 13:52:23.669084,Drowsiness detected
2024-07-11 13:52:23.725658,Drowsiness detected
2024-07-11 13:52:23.803449,Drowsiness detected
2024-07-11 13:52:23.856974,Drowsiness detected
2024-07-11 13:52:24.803664,Drowsiness detected
2024-07-11 13:52:24.831103,Drowsiness detected
2024-07-11 13:52:24.943541,Drowsiness detected
2024-07-11 13:52:25.023338,Drowsiness detected
2024-07-11 13:52:25.137800,Drowsiness detected
2024-07-11 13:52:25.248941,Drowsiness detected
2024-07-11 13:52:25.318415,Drowsiness detected
2024-07-11 13:52:25.376835,Drowsiness detected
2024-07-11 13:52:25.468800,Drowsiness detected
2024-07-11 13:52:25.524237,Drowsiness detected
2024-07-11 13:52:25.621701,Drowsiness detected
2024-07-11 13:52:25.771601,Drowsiness detected
2024-07-11 13:52:25.826403,Drowsiness detected
2024-07-11 13:52:25.859789,Drowsiness detected
2024-07-11 13:52:25.901387,Drowsiness detected
2024-07-11 13:52:25.952849,Drowsiness detected
2024-07-11 13:52:26.006620,Drowsiness detected
2024-07-11 13:52:26.056808,Drowsiness detected
2024-07-11 13:52:26.093249,Drowsiness detected
2024-07-11 13:52:26.138949,Drowsiness detected
2024-07-11 13:52:26.174306,Drowsiness detected
2024-07-11 13:52:26.206366,Drowsiness detected
2024-07-11 13:52:26.254596,Drowsiness detected
2024-07-11 13:52:26.303518,Drowsiness detected
2024-07-11 13:52:26.350006,Drowsiness detected
2024-07-11 13:52:26.399737,Drowsiness detected
2024-07-11 13:52:26.451033,Drowsiness detected
2024-07-11 13:52:26.501647,Drowsiness detected
2024-07-11 13:52:26.550747,Drowsiness detected
2024-07-11 13:52:26.600354,Drowsiness detected
2024-07-11 13:52:26.650696,Drowsiness detected
2024-07-11 13:52:26.702216,Drowsiness detected
2024-07-11 13:52:26.742526,Drowsiness detected
2024-07-11 13:52:26.788886,Drowsiness detected
2024-07-11 13:52:26.834160,Drowsiness detected
2024-07-11 13:52:26.879221,Drowsiness detected
2024-07-11 13:52:26.922896,Drowsiness detected
2024-07-11 13:52:26.966185,Drowsiness detected
2024-07-11 13:52:27.007752,Drowsiness detected
2024-07-11 13:52:27.052872,Drowsiness detected
2024-07-11 13:52:27.096062,Drowsiness detected
2024-07-11 13:52:27.139406,Drowsiness detected
2024-07-11 13:52:27.185084,Drowsiness detected
2024-07-11 13:52:27.229038,Drowsiness detected
2024-07-11 13:52:27.285609,Drowsiness detected
2024-07-11 13:52:27.324247,Drowsiness detected
2024-07-11 13:52:27.366318,Drowsiness detected
2024-07-11 13:52:27.412979,Drowsiness detected
2024-07-11 13:52:27.453581,Drowsiness detected
2024-07-11 13:52:27.500542,Drowsiness detected
2024-07-11 13:52:27.543333,Drowsiness detected
2024-07-11 13:52:27.581924,Drowsiness detected
2024-07-11 13:52:27.607603,Drowsiness detected
2024-07-11 13:52:27.645811,Drowsiness detected
2024-07-11 13:52:27.692287,Drowsiness detected
2024-07-11 13:52:27.741537,Drowsiness detected
2024-07-11 13:52:27.787814,Drowsiness detected
2024-07-11 13:52:27.832237,Drowsiness detected
2024-07-11 13:52:27.873449,Drowsiness detected
2024-07-11 13:52:27.913730,Drowsiness detected
2024-07-11 13:52:27.960971,Drowsiness detected
2024-07-11 13:52:28.005837,Drowsiness detected
2024-07-11 13:52:28.048305,Drowsiness detected
2024-07-11 13:52:28.091231,Drowsiness detected
2024-07-11 13:52:28.131997,Drowsiness detected
2024-07-11 13:52:28.164378,Drowsiness detected
2024-07-11 13:52:28.209408,Drowsiness detected
2024-07-11 13:52:28.241173,Drowsiness detected
2024-07-11 13:52:28.287975,Drowsiness detected
2024-07-11 13:52:28.334781,Drowsiness detected
2024-07-11 13:52:28.368485,Drowsiness detected
2024-07-11 13:52:28.394150,Drowsiness detected
2024-07-11 13:52:28.423789,Drowsiness detected
2024-07-11 13:52:28.466258,Drowsiness detected
2024-07-11 13:52:28.515175,Drowsiness detected
2024-07-11 13:52:28.561581,Drowsiness detected
2024-07-11 13:52:28.953015,Drowsiness detected
2024-07-11 13:52:28.996084,Drowsiness detected
2024-07-11 13:52:29.116187,Drowsiness detected
2024-07-11 13:52:29.212168,Drowsiness detected
2024-07-11 13:52:29.248649,Drowsiness detected
2024-07-11 13:52:29.281789,Drowsiness detected
2024-07-11 13:52:29.328034,Drowsiness detected
2024-07-11 13:52:29.369563,Drowsiness detected
2024-07-11 13:52:29.415380,Drowsiness detected
2024-07-11 13:52:29.455191,Drowsiness detected
2024-07-11 13:52:29.499978,Drowsiness detected
2024-07-11 13:52:29.546399,Drowsiness detected
2024-07-11 13:52:29.620657,Drowsiness detected
2024-07-11 13:52:29.656310,Drowsiness detected
2024-07-11 13:52:29.760603,Drowsiness detected
2024-07-11 13:52:29.810215,Drowsiness detected
2024-07-11 13:52:29.838804,Drowsiness detected
2024-07-11 13:52:29.934032,Drowsiness detected
2024-07-11 13:52:30.057848,Drowsiness detected
2024-07-11 13:53:58.722201,Drowsiness detected
2024-07-11 13:54:02.854422,Drowsiness detected
2024-07-11 13:54:04.454275,Drowsiness detected
2024-07-11 13:54:11.670856,Drowsiness detected
2024-07-11 13:54:13.292379,Drowsiness detected
2024-07-11 13:54:15.607622,Drowsiness detected
2024-07-11 14:02:52.774734,Drowsiness detected
2024-07-11 14:02:54.383162,Drowsiness detected
2024-07-11 14:02:56.818255,Drowsiness detected
2024-07-11 14:02:58.882135,Drowsiness detected
2024-07-11 14:03:01.876380,Drowsiness detected
2024-07-11 14:03:03.423436,Drowsiness detected
2024-07-11 14:03:04.964507,Drowsiness detected
2024-07-11 14:03:06.478072,Drowsiness detected
2024-07-11 14:03:12.517211,Drowsiness detected
2024-07-11 14:03:14.074525,Drowsiness detected
2024-07-11 14:03:15.619402,Drowsiness detected
2024-07-11 14:03:21.168583,Drowsiness detected
2024-07-11 14:03:24.985667,Drowsiness detected
2024-07-11 14:03:26.622039,Drowsiness detected
2024-07-11 14:03:28.217065,Drowsiness detected
2024-07-11 14:03:32.977071,Drowsiness detected
2024-07-11 14:03:34.510549,Drowsiness detected
2024-07-11 14:03:36.079451,Drowsiness detected
2024-07-11 14:03:37.621668,Drowsiness detected
2024-07-11 14:03:39.191949,Drowsiness detected
2024-07-11 14:03:40.775457,Drowsiness detected
2024-07-11 14:03:42.299790,Drowsiness detected
2024-07-11 14:03:43.842065,Drowsiness detected
2024-07-11 14:03:45.413428,Drowsiness detected
2024-07-11 14:03:46.978673,Drowsiness detected
2024-07-11 14:03:49.456384,Drowsiness detected
2024-07-11 14:46:42.184363,Drowsiness detected,0.2665684062891991,4.833333333333314
2024-07-11 14:46:43.700335,Drowsiness detected,0.2876838235294118,8.333333333333314
2024-07-11 14:46:46.220359,Drowsiness detected,0.2603850937602944,5.0
2024-07-11 14:46:50.491368,Drowsiness detected,0.2945665523061992,5.833333333333314
2024-07-11 14:59:15.626602,Drowsiness detected,0.23360949532501996,6.833333333333343
2024-07-11 14:59:18.313006,Drowsiness detected,0.2857142857142857,5.5
2024-07-11 14:59:19.837475,Drowsiness detected,0.2859124720517288,4.666666666666686
2024-07-11 14:59:21.312672,Drowsiness detected,0.2784039177144497,5.666666666666657
2024-07-11 14:59:25.079536,Drowsiness detected,0.2508029445183817,10.333333333333314
2024-07-11 14:59:26.601529,Drowsiness detected,0.2915630844161069,4.5
2024-07-11 14:59:28.105192,Drowsiness detected,0.29723843461550303,5.833333333333314
2024-07-11 14:59:32.162898,Drowsiness detected,0.25716048532714714,5.666666666666657
2024-07-11 15:02:32.128313,Drowsiness detected,0.26259323937315815,5.333333333333343
2024-07-11 15:02:33.638383,Drowsiness detected,0.2671362432175337,6.0
2024-07-11 15:08:10.374324,Drowsiness detected,0.13909059752285047,23.833333333333314
2024-07-11 15:08:11.831966,Drowsiness detected,0.2139121342817177,4.833333333333314
2024-07-11 15:08:13.304277,Drowsiness detected,0.27465689319140724,5.0
2024-07-11 15:45:48.730315,Drowsiness detected,0.19041687634785182,6.666666666666686
2024-07-11 15:45:50.289885,Drowsiness detected,0.25911431478504926,5.666666666666657
2024-07-11 15:45:52.025994,Drowsiness detected,0.2910702898161378,5.666666666666657
2024-07-11 18:13:14.400514,Drowsiness detected,0.28568396774785926,7.833333333333343
2024-07-11 18:13:16.063263,Drowsiness detected,0.229896500136396,9.0
2024-07-11 18:29:01.016340,Drowsiness detected,0.296875,9.166666666666686
2024-07-12 08:42:47.649652,Drowsiness detected,0.2315950653644745,13.833333333333314
2024-07-12 08:42:49.328581,Drowsiness detected,0.23282793324782594,14.166666666666686
2024-07-12 08:42:50.969812,Drowsiness detected,0.229617833424335,14.166666666666657
2024-07-12 08:42:52.668332,Drowsiness detected,0.2567098768650454,15.166666666666657
2024-07-12 08:42:54.206310,Drowsiness detected,0.25334845088256414,10.499999999999972
2024-07-12 08:42:56.095107,Drowsiness detected,0.24111285168238242,13.333333333333343
2024-07-12 08:42:57.661255,Drowsiness detected,0.21900971086799798,13.333333333333314
2024-07-12 08:42:59.333251,Drowsiness detected,0.25277431342942924,11.833333333333371
2024-07-12 09:58:24.548853,Drowsiness detected,0.25,10.833333333333343
2024-07-12 09:58:26.134789,Drowsiness detected,0.27884615384615385,6.5
2024-07-12 10:13:03.999594,Yawn detected,0.33498355787800915,19.833333333333314
2024-07-12 10:13:05.796227,Drowsiness detected,0.22538316244872447,7.0
2024-07-12 10:13:22.347701,Drowsiness detected,0.2493297591855329,6.5
2024-07-12 10:13:23.928764,Drowsiness detected,0.260743285139885,7.666666666666686
2024-07-12 10:13:25.770900,Drowsiness detected,0.2528023093210231,8.5
2024-07-12 10:13:27.293839,Drowsiness detected,0.28090567331957284,10.333333333333343
2024-07-12 10:13:28.846480,Drowsiness detected,0.212682811304982,12.5
2024-07-12 10:13:31.152763,Drowsiness detected,0.26090286193805895,10.166666666666657
2024-07-12 10:13:32.667429,Drowsiness detected,0.25577863625709035,9.5
2024-07-12 10:13:34.249658,Drowsiness detected,0.18254188220929252,11.0
2024-07-12 10:13:35.797122,Drowsiness detected,0.23101136578499432,8.166666666666657
2024-07-12 10:13:37.368614,Drowsiness detected,0.2985348614984713,8.833333333333343
2024-07-12 10:13:39.171868,Drowsiness detected,0.2733036190637778,9.0
2024-07-12 10:13:40.665263,Drowsiness detected,0.2029733149898196,9.166666666666657
2024-07-12 10:13:42.569670,Drowsiness detected,0.11650820521881286,6.833333333333314
2024-07-12 10:13:44.233736,Drowsiness detected,0.15214833562101476,8.0
2024-07-12 10:13:45.698795,Drowsiness detected,0.2728854311820733,5.833333333333343
2024-07-12 10:13:47.258096,Drowsiness detected,0.2621561993684561,7.0
2024-07-12 10:13:48.865784,Drowsiness detected,0.2764154013674632,6.166666666666629
2024-07-12 10:13:50.427973,Drowsiness detected,0.19215316587334583,7.0
2024-07-12 10:13:51.936694,Drowsiness detected,0.17347465643864823,5.0
2024-07-12 10:13:53.427951,Drowsiness detected,0.1965030158864815,5.666666666666657
2024-07-12 10:13:54.991422,Drowsiness detected,0.2603743380711505,5.166666666666657
2024-07-12 10:13:56.539097,Drowsiness detected,0.29361030051760617,8.833333333333343
2024-07-12 10:13:58.044089,Drowsiness detected,0.2117689388518778,5.833333333333343
2024-07-12 10:14:03.960544,Drowsiness detected,0.2777248491889107,6.0
2024-07-12 10:14:05.521947,Drowsiness detected,0.24709143126716915,5.333333333333314
2024-07-12 10:14:10.397612,Drowsiness detected,0.25921887304828983,8.5
2024-07-12 10:14:12.424413,Drowsiness detected,0.15912257057575557,5.333333333333314
2024-07-12 10:14:13.912620,Drowsiness detected,0.19208111426935243,7.0
2024-07-12 10:27:29.660754,Drowsiness detected,0.29757489798561243,6.166666666666657
2024-07-12 10:27:31.164443,Drowsiness detected,0.27154927819211006,4.5
2024-07-12 10:27:32.708954,Drowsiness detected,0.25828657511477837,5.333333333333371
2024-07-12 10:27:36.126900,Drowsiness detected,0.23311184911899424,5.0
2024-07-12 10:27:38.185388,Drowsiness detected,0.26702749564504,5.333333333333314
2024-07-12 10:27:40.502631,Drowsiness detected,0.25779459335790894,5.5
2024-07-12 10:27:42.036799,Drowsiness detected,0.29200146907570257,5.0
2024-07-12 10:31:12.359782,Drowsiness detected,0.2950637662700566,5.666666666666657
2024-07-12 10:31:13.935085,Drowsiness detected,0.2870692147896868,5.166666666666657
2024-07-12 10:34:22.208135,Drowsiness detected,0.27122464167205507,7.333333333333343
2024-07-12 10:34:24.022595,Drowsiness detected,0.29384051709307746,6.333333333333314
2024-07-12 10:34:25.611609,Drowsiness detected,0.2617080953719523,8.0
2024-07-12 11:47:23.036839,Drowsiness detected,0.2895260258905129,7.333333333333371
2024-07-12 11:47:24.709138,Drowsiness detected,0.23988199283357273,5.666666666666657
2024-07-12 11:47:28.073873,Drowsiness detected,0.20481729328246334,8.166666666666629
2024-07-12 11:47:29.707295,Drowsiness detected,0.28201723328518313,6.0
2024-07-12 11:47:31.339164,Drowsiness detected,0.244306083776754,7.666666666666686
2024-07-12 11:47:32.918764,Drowsiness detected,0.24189996713028183,7.833333333333314
2024-07-12 11:47:34.524553,Drowsiness detected,0.23365237554601548,5.166666666666657
2024-07-12 11:47:36.041778,Drowsiness detected,0.21946898038527607,6.166666666666657
2024-07-12 11:47:37.593224,Drowsiness detected,0.21856983115923978,5.666666666666686
2024-07-12 11:47:48.820487,Drowsiness detected,0.2392329211785298,5.5
2024-07-12 11:47:50.414078,Drowsiness detected,0.19753245360656868,7.0
2024-07-12 11:48:47.246045,Drowsiness detected,0.2342741770674384,6.166666666666686
2024-07-12 11:48:48.851781,Drowsiness detected,0.18981552289577058,8.333333333333314
2024-07-12 11:48:50.487439,Drowsiness detected,0.18707356054826196,8.0
2024-07-12 11:48:52.111953,Drowsiness detected,0.1788753925888325,6.666666666666657
2024-07-12 11:48:53.668967,Drowsiness detected,0.24513752151678403,6.0
2024-07-12 11:48:55.218235,Drowsiness detected,0.2468446893839477,6.333333333333343
2024-07-12 11:48:56.793595,Drowsiness detected,0.2287069447042722,5.333333333333314
2024-07-12 11:48:58.412630,Drowsiness detected,0.2711834848927439,5.666666666666657
2024-07-12 11:49:00.026312,Drowsiness detected,0.2732408983174653,5.833333333333314
2024-07-12 11:49:01.652396,Drowsiness detected,0.21019208922660396,5.833333333333314
2024-07-12 11:49:17.395506,Drowsiness detected,0.2707086562441119,3.0
2024-07-12 11:49:18.978281,Drowsiness detected,0.24852297928697703,6.666666666666657
2024-07-12 11:49:20.564276,Drowsiness detected,0.20619360875335735,10.5
2024-07-12 11:49:22.124694,Drowsiness detected,0.14802999418529136,6.833333333333343
2024-07-12 11:49:23.743008,Drowsiness detected,0.15497105343683168,6.166666666666657
2024-07-12 11:49:26.377375,Drowsiness detected,0.2623936033749728,3.0
2024-07-12 11:49:27.978124,Drowsiness detected,0.24830861773113322,7.333333333333343
2024-07-12 11:49:29.598376,Drowsiness detected,0.17510165640989295,7.0
2024-07-12 11:49:31.239740,Drowsiness detected,0.21022946457466452,6.666666666666657
2024-07-12 11:58:54.992182,Drowsiness detected,0.18057187729418236,4.0
2024-07-12 11:58:59.031147,Drowsiness detected,0.15860059989099512,4.833333333333343
2024-07-12 11:59:07.032224,Drowsiness detected,0.17744356369732978,7.0
2024-07-12 11:59:08.599315,Drowsiness detected,0.05856416947665494,9.0
2024-07-12 11:59:34.027366,Drowsiness detected,0.18957286181213195,5.666666666666686
2024-07-12 11:59:35.597519,Drowsiness detected,0.14379062654194275,5.666666666666686
2024-07-12 12:00:42.453359,Yawn detected,0.22802469684609655,17.166666666666686
2024-07-12 12:00:52.257665,Drowsiness detected,0.13999022498857988,4.833333333333314
2024-07-12 12:00:53.817701,Drowsiness detected,0.22990242880609438,4.666666666666657
2024-07-12 12:01:17.251840,Yawn detected,0.2995941008103943,12.333333333333343
2024-07-12 12:01:58.079880,Drowsiness detected,0.2209134631723203,11.333333333333343
2024-07-12 12:01:59.684492,Drowsiness detected,0.24136173019114693,4.166666666666686
2024-07-12 12:02:02.689662,Drowsiness detected,0.16173846684885887,3.833333333333343
2024-07-12 12:02:04.225367,Drowsiness detected,0.24253278021471075,4.5
2024-07-12 12:02:16.054991,Yawn detected,0.3269725291394634,13.333333333333314
2024-07-12 12:35:36.044594,Drowsiness detected,0.164737551021992,5.833333333333343
2024-07-12 12:35:41.413889,Yawn detected,0.2496823374788419,14.833333333333343
2024-07-12 12:50:47.904094,Drowsiness detected,0.16176324844449852,5.166666666666657
2024-07-12 12:50:54.997909,Drowsiness detected,0.18286165043037264,7.833333333333343
2024-07-12 13:00:22.104673,Drowsiness detected,0.16816583864511545,4.833333333333314
2024-07-12 13:00:33.551809,Yawn detected,0.19073450669382444,17.0
2024-07-12 16:34:51.188589,Yawn detected,0.20507497957848858,12.833333333333343
2024-07-12 16:34:58.857009,Drowsiness detected,0.20858716162711421,8.166666666666657
2024-07-12 16:35:20.503225,Drowsiness detected,0.2249927137449727,7.5
2024-07-12 16:35:27.745523,Drowsiness detected,0.16469666099230706,12.5
2024-07-12 16:35:56.058166,Drowsiness detected,0.21715583669232175,9.0
2024-07-12 16:36:08.744355,Drowsiness detected,0.17679631892758677,9.0
2024-07-12 16:36:17.844200,Yawn detected,0.275399843778648,25.666666666666657
2024-07-12 16:36:25.051094,Yawn detected,0.3195694532750792,13.666666666666657
2024-07-12 16:36:34.152532,Yawn detected,0.3586795770276441,13.666666666666686
2024-07-12 16:36:44.610695,Drowsiness detected,0.22256171014846804,9.333333333333343
2024-07-12 22:22:24.694037,Yawn detected,0.03774544025663917,28.333333333333343
2024-07-12 22:22:33.818408,Drowsiness detected,0.19003558844013094,7.333333333333314
2024-07-13 10:10:43.595564,Drowsiness detected,0.20092648254346682,5.333333333333343
2024-07-13 12:08:37.575408,Yawn detected,0.24786746025962791,12.833333333333343
2024-07-13 12:09:04.068503,Yawn detected,0.28643101881702193,14.5
2024-07-13 12:09:12.689458,Drowsiness detected,0.15194414254943456,5.333333333333343
2024-07-13 12:09:26.501185,Yawn detected,0.2242701808423782,13.333333333333314
2024-07-13 12:09:33.937016,Drowsiness detected,0.21690583948518194,3.8333333333333144
2024-07-13 12:09:41.108767,Drowsiness detected,0.18741108887156166,3.833333333333343
2024-07-13 12:09:52.369718,Drowsiness detected,0.1315513984490559,15.166666666666657
2024-07-13 12:11:12.098896,Drowsiness detected,0.1175802561412214,6.833333333333314
2024-07-13 12:11:21.875597,Yawn detected,0.28852295263551836,15.333333333333314
2024-07-13 12:11:29.860296,Drowsiness detected,0.2349144876082654,5.0
2024-07-13 12:11:39.813827,Drowsiness detected,0.22867994919392873,4.833333333333343
2025-01-21 13:01:33.992462,Drowsiness detected,0.18798930583911236,12.0
2025-01-21 13:01:43.923893,Drowsiness detected,0.20759803522014164,6.333333333333343
2025-01-21 13:01:52.398774,Drowsiness detected,0.11414427210569128,3.666666666666657
2025-01-21 13:05:01.296269,Drowsiness detected,0.16657174071819836,12.166666666666686
2025-01-21 13:05:08.905024,Drowsiness detected,0.23314071602046482,7.5
2025-01-21 13:05:16.163544,Drowsiness detected,0.15299416797096893,5.333333333333314
2025-01-21 13:11:14.037331,Drowsiness detected,0.11459688281300284,6.666666666666686
2025-01-21 13:11:25.351907,Drowsiness detected,0.2052628486686557,9.166666666666686
2025-01-21 13:11:40.312222,Drowsiness detected,0.21671670238922408,8.5
2025-01-21 13:11:53.318695,Drowsiness detected,0.1923172710786668,7.5
2025-01-21 13:12:00.599398,Drowsiness detected,0.1726150465892209,17.166666666666657
2025-01-21 13:12:07.848933,Drowsiness detected,0.16379417535536603,7.0
2025-01-21 13:15:51.640937,Yawn detected,0.182653531564992,19.5
2025-01-21 13:16:00.483311,Drowsiness detected,0.11735216310246178,6.833333333333343
2025-01-21 13:16:15.496974,Drowsiness detected,0.12208859282545224,5.166666666666657
2025-01-21 14:10:16.157661,Yawn detected,0.2586814051868589,16.833333333333343
2025-01-21 14:14:31.959574,Drowsiness detected,0.1326008705692829,6.166666666666686
2025-01-21 14:19:57.951396,Drowsiness detected,0.2165630105178617,9.166666666666686
2025-01-21 14:20:05.148966,Drowsiness detected,0.17075926532512153,8.5
2025-01-21 14:35:50.492481,Yawn detected,0.34440281825551244,16.166666666666657
2025-01-21 14:36:01.643402,Drowsiness detected,0.18210335298601302,4.5
